{"rotation":0,"arcs":[[[3.169220271896044,69.01583600425651,7.808272515251536e-06],[43.02080575040542,92.0239366410346,0.5714324020631759],[76.14304950329928,92.02392934717639,1.273934425126812e-05],[115.9942744568167,69.01583704623626,-0.346740378952302],[90.31605695913512,0.3655423037594403,1.309888775224977e-08],[28.84743672759789,0.3655423037594403,-0.3467380162578865]],[[75.96457296061756,92.41621388174906,-0.5798645003701809],[43.19927083130995,92.41621596570856,-0.04030315585695484],[43.05880258380355,92.45322708626747,0.000666355811687973],[2.894829493644259,69.2569313617217,0.04641733709542367],[2.874378557180016,69.23144245318814,0.07872107789217152],[0.0002045508436268051,51.1758507070105,2.646508015401488e-13],[0.0002222644992997402,51.17707503321142,0.17685223750125],[13.92893861099061,12.70353069163397,0.08411022719119554],[28.76151820372608,0.01650618050203434,0.0004730023737671981],[90.3902563368097,0.01276443123606441,0.08064978466808748],[91.00825452384501,0.3762601074213023,0.3446621122891936],[116.289119297472,69.23144349516788,0.04641822107897763],[116.2686683610077,69.25693344568118,0.0006570260330131366],[76.10504954396193,92.45322812824722,-0.04030538786351284]]],"pocketCuts":[],"hidden":false,"onStockBottom":false,"tools":["3FE64A6F-BFBC-4E48-8D48-9D7195783FDC"],"scaleFactor":1,"cutInterior":true,"uuid":"132DEC57-F96F-4FC0-AF31-6467EFF747E5","cutOutline":true,"origin":{"y":0,"b":0,"z":0,"x":0,"c":0},"name":"ecl-spk1.svg","machiningProperties":{"3FE64A6F-BFBC-4E48-8D48-9D7195783FDC":{"radius":0.793749988079071,"stepover":0.15,"max_cut_connection_length":25,"z_feed_rate":30,"pass_depth":0.1380000003250066,"spindle_speed":12000,"xy_feed_rate":360,"climb":true}},"type":"OLSVGMillingPlan","outlineType":0,"collapsed":false,"jobsArray":[{"tag":"exterior-profile","blocks":"TjFHMjEKTjJHOTAKTjNHOTQKTjRHNTUKTjVHNTMgRzAwIHotMC41MDAKTjZHMDAgeDEzLjcyNiB5MTEuNzEzCk43RzAwIHoyLjAwMApOOEcwMSBGNzAgejEuMDAwCk45TTMgUzEyMDAwCk4xMEcwNCBwMS41MDAKTjExRzAwIHgxMy43MjYgeTExLjcxMwpOMTJHMDEgRjcwIHowLjUwMApOMTNHMDEgRjMwIHotMC4xMzQKTjE0RzA0IHAwLjEwMApOMTVHMDMgRjM2MCB4MjcuODE2IHktMC4zNDIgcjU5LjIxOApOMTZHMDMgRjM2MCB4MjguNDExIHktMC42OTkgcjE1LjM3MQpOMTdHMDMgRjM2MCB4MjguNzI5IHktMC43ODAgcjAuNzk0Ck4xOEcwMyBGMzYwIHg5MC4zODkgeS0wLjc5MiByMjg2ODMuODQyCk4xOUcwMyBGMzYwIHg5MC42NDkgeS0wLjc0OSByMC43OTQKTjIwRzAzIEYzNjAgeDkxLjQ3MCB5LTAuMjgzIHIyLjk5MgpOMjFHMDMgRjM2MCB4MTE3LjI0NCB5NjguODU4IHI2MC4zMTgKTjIyRzAzIEYzNjAgeDExNy4wMzIgeTY5LjUxOSByMTYuMDIwCk4yM0cwMyBGMzYwIHgxMTYuNjc0IHk2OS45MzAgcjAuODYzCk4yNEcwMyBGMzYwIHg3Ni40ODQgeTkzLjE0NyByMTU2MTQuNTIxCk4yNUcwMyBGMzYwIHg3NS44MzcgeTkzLjE4OCByMC44MTUKTjI2RzAzIEYzNjAgeDc1LjMwNCB5OTIuODMwIHIwLjc5NApOMjdHMDIgRjM2MCB4NTkuNjEwIHk4My43MDQgcjE4LjA4NApOMjhHMDIgRjM2MCB4NDMuOTAwIHk5Mi44MDQgcjE4LjA4NApOMjlHMDMgRjM2MCB4NDMuMzg0IHk5My4xODUgcjAuNzk0Ck4zMEcwMiBGMzYwIHg0My4zMDEgeTkzLjIwNyByMC40MjEKTjMxRzAzIEYzNjAgeDQyLjY3MyB5OTMuMTM1IHIwLjc5NApOMzJHMDMgRjM2MCB4Mi40NzkgeTY5LjkyOCByMTU0NTEuODM2Ck4zM0cwMyBGMzYwIHgyLjE0OSB5NjkuNTM0IHIwLjg2OApOMzRHMDMgRjM2MCB4MS45MzcgeTY4Ljg4MCByMTUuODMxCk4zNUcwMyBGMzYwIHgtMC43ODcgeTUwLjg1OCByNTkuMjc3Ck4zNkcwMyBGMzYwIHgxMy43MjYgeTExLjcxMyByNjAuNDY4Ck4zN0cwMSBGMzAgei0wLjI2OApOMzhHMDQgcDAuMTAwCk4zOUcwMyBGMzYwIHgyNy44MTYgeS0wLjM0MiByNTkuMjE4Ck40MEcwMyBGMzYwIHgyOC40MTEgeS0wLjY5OSByMTUuMzcxCk40MUcwMyBGMzYwIHgyOC43MjkgeS0wLjc4MCByMC43OTQKTjQyRzAzIEYzNjAgeDkwLjM4OSB5LTAuNzkyIHIyODY4My44NDIKTjQzRzAzIEYzNjAgeDkwLjY0OSB5LTAuNzQ5IHIwLjc5NApONDRHMDMgRjM2MCB4OTEuNDcwIHktMC4yODMgcjIuOTkyCk40NUcwMyBGMzYwIHgxMTcuMjQ0IHk2OC44NTggcjYwLjMxOApONDZHMDMgRjM2MCB4MTE3LjAzMiB5NjkuNTE5IHIxNi4wMjAKTjQ3RzAzIEYzNjAgeDExNi42NzQgeTY5LjkzMCByMC44NjMKTjQ4RzAzIEYzNjAgeDc2LjQ4NCB5OTMuMTQ3IHIxNTYxNC41MjEKTjQ5RzAzIEYzNjAgeDc1LjgzNyB5OTMuMTg4IHIwLjgxNQpONTBHMDMgRjM2MCB4NzUuMzA0IHk5Mi44MzAgcjAuNzk0Ck41MUcwMiBGMzYwIHg1OS42MTAgeTgzLjcwNCByMTguMDg0Ck41MkcwMiBGMzYwIHg0My45MDAgeTkyLjgwNCByMTguMDg0Ck41M0cwMyBGMzYwIHg0My4zODQgeTkzLjE4NSByMC43OTQKTjU0RzAyIEYzNjAgeDQzLjMwMSB5OTMuMjA3IHIwLjQyMQpONTVHMDMgRjM2MCB4NDIuNjczIHk5My4xMzUgcjAuNzk0Ck41NkcwMyBGMzYwIHgyLjQ3OSB5NjkuOTI4IHIxNTQ1MS44MzYKTjU3RzAzIEYzNjAgeDIuMTQ5IHk2OS41MzQgcjAuODY4Ck41OEcwMyBGMzYwIHgxLjkzNyB5NjguODgwIHIxNS44MzEKTjU5RzAzIEYzNjAgeC0wLjc4NyB5NTAuODU4IHI1OS4yNzcKTjYwRzAzIEYzNjAgeDEzLjcyNiB5MTEuNzEzIHI2MC40NjgKTjYxRzAxIEYzMCB6LTAuNDAyCk42MkcwNCBwMC4xMDAKTjYzRzAzIEYzNjAgeDI3LjgxNiB5LTAuMzQyIHI1OS4yMTgKTjY0RzAzIEYzNjAgeDI4LjQxMSB5LTAuNjk5IHIxNS4zNzEKTjY1RzAzIEYzNjAgeDI4LjcyOSB5LTAuNzgwIHIwLjc5NApONjZHMDMgRjM2MCB4OTAuMzg5IHktMC43OTIgcjI4NjgzLjg0MgpONjdHMDMgRjM2MCB4OTAuNjQ5IHktMC43NDkgcjAuNzk0Ck42OEcwMyBGMzYwIHg5MS40NzAgeS0wLjI4MyByMi45OTIKTjY5RzAzIEYzNjAgeDExNy4yNDQgeTY4Ljg1OCByNjAuMzE4Ck43MEcwMyBGMzYwIHgxMTcuMDMyIHk2OS41MTkgcjE2LjAyMApONzFHMDMgRjM2MCB4MTE2LjY3NCB5NjkuOTMwIHIwLjg2MwpONzJHMDMgRjM2MCB4NzYuNDg0IHk5My4xNDcgcjE1NjE0LjUyMQpONzNHMDMgRjM2MCB4NzUuODM3IHk5My4xODggcjAuODE1Ck43NEcwMyBGMzYwIHg3NS4zMDQgeTkyLjgzMCByMC43OTQKTjc1RzAyIEYzNjAgeDU5LjYxMCB5ODMuNzA0IHIxOC4wODQKTjc2RzAyIEYzNjAgeDQzLjkwMCB5OTIuODA0IHIxOC4wODQKTjc3RzAzIEYzNjAgeDQzLjM4NCB5OTMuMTg1IHIwLjc5NApONzhHMDIgRjM2MCB4NDMuMzAxIHk5My4yMDcgcjAuNDIxCk43OUcwMyBGMzYwIHg0Mi42NzMgeTkzLjEzNSByMC43OTQKTjgwRzAzIEYzNjAgeDIuNDc5IHk2OS45MjggcjE1NDUxLjgzNgpOODFHMDMgRjM2MCB4Mi4xNDkgeTY5LjUzNCByMC44NjgKTjgyRzAzIEYzNjAgeDEuOTM3IHk2OC44ODAgcjE1LjgzMQpOODNHMDMgRjM2MCB4LTAuNzg3IHk1MC44NTggcjU5LjI3NwpOODRHMDMgRjM2MCB4MTMuNzI2IHkxMS43MTMgcjYwLjQ2OApOODVHMDEgRjMwIHotMC41MzYKTjg2RzA0IHAwLjEwMApOODdHMDMgRjM2MCB4MjcuODE2IHktMC4zNDIgcjU5LjIxOApOODhHMDMgRjM2MCB4MjguNDExIHktMC42OTkgcjE1LjM3MQpOODlHMDMgRjM2MCB4MjguNzI5IHktMC43ODAgcjAuNzk0Ck45MEcwMyBGMzYwIHg5MC4zODkgeS0wLjc5MiByMjg2ODMuODQyCk45MUcwMyBGMzYwIHg5MC42NDkgeS0wLjc0OSByMC43OTQKTjkyRzAzIEYzNjAgeDkxLjQ3MCB5LTAuMjgzIHIyLjk5MgpOOTNHMDMgRjM2MCB4MTE3LjI0NCB5NjguODU4IHI2MC4zMTgKTjk0RzAzIEYzNjAgeDExNy4wMzIgeTY5LjUxOSByMTYuMDIwCk45NUcwMyBGMzYwIHgxMTYuNjc0IHk2OS45MzAgcjAuODYzCk45NkcwMyBGMzYwIHg3Ni40ODQgeTkzLjE0NyByMTU2MTQuNTIxCk45N0cwMyBGMzYwIHg3NS44MzcgeTkzLjE4OCByMC44MTUKTjk4RzAzIEYzNjAgeDc1LjMwNCB5OTIuODMwIHIwLjc5NApOOTlHMDIgRjM2MCB4NTkuNjEwIHk4My43MDQgcjE4LjA4NApOMTAwRzAyIEYzNjAgeDQzLjkwMCB5OTIuODA0IHIxOC4wODQKTjEwMUcwMyBGMzYwIHg0My4zODQgeTkzLjE4NSByMC43OTQKTjEwMkcwMiBGMzYwIHg0My4zMDEgeTkzLjIwNyByMC40MjEKTjEwM0cwMyBGMzYwIHg0Mi42NzMgeTkzLjEzNSByMC43OTQKTjEwNEcwMyBGMzYwIHgyLjQ3OSB5NjkuOTI4IHIxNTQ1MS44MzYKTjEwNUcwMyBGMzYwIHgyLjE0OSB5NjkuNTM0IHIwLjg2OApOMTA2RzAzIEYzNjAgeDEuOTM3IHk2OC44ODAgcjE1LjgzMQpOMTA3RzAzIEYzNjAgeC0wLjc4NyB5NTAuODU4IHI1OS4yNzcKTjEwOEcwMyBGMzYwIHgxMy43MjYgeTExLjcxMyByNjAuNDY4Ck4xMDlHMDEgRjMwIHotMC42NzAKTjExMEcwNCBwMC4xMDAKTjExMUcwMyBGMzYwIHgyNy44MTYgeS0wLjM0MiByNTkuMjE4Ck4xMTJHMDMgRjM2MCB4MjguNDExIHktMC42OTkgcjE1LjM3MQpOMTEzRzAzIEYzNjAgeDI4LjcyOSB5LTAuNzgwIHIwLjc5NApOMTE0RzAzIEYzNjAgeDkwLjM4OSB5LTAuNzkyIHIyODY4My44NDIKTjExNUcwMyBGMzYwIHg5MC42NDkgeS0wLjc0OSByMC43OTQKTjExNkcwMyBGMzYwIHg5MS40NzAgeS0wLjI4MyByMi45OTIKTjExN0cwMyBGMzYwIHgxMTcuMjQ0IHk2OC44NTggcjYwLjMxOApOMTE4RzAzIEYzNjAgeDExNy4wMzIgeTY5LjUxOSByMTYuMDIwCk4xMTlHMDMgRjM2MCB4MTE2LjY3NCB5NjkuOTMwIHIwLjg2MwpOMTIwRzAzIEYzNjAgeDc2LjQ4NCB5OTMuMTQ3IHIxNTYxNC41MjEKTjEyMUcwMyBGMzYwIHg3NS44MzcgeTkzLjE4OCByMC44MTUKTjEyMkcwMyBGMzYwIHg3NS4zMDQgeTkyLjgzMCByMC43OTQKTjEyM0cwMiBGMzYwIHg1OS42MTAgeTgzLjcwNCByMTguMDg0Ck4xMjRHMDIgRjM2MCB4NDMuOTAwIHk5Mi44MDQgcjE4LjA4NApOMTI1RzAzIEYzNjAgeDQzLjM4NCB5OTMuMTg1IHIwLjc5NApOMTI2RzAyIEYzNjAgeDQzLjMwMSB5OTMuMjA3IHIwLjQyMQpOMTI3RzAzIEYzNjAgeDQyLjY3MyB5OTMuMTM1IHIwLjc5NApOMTI4RzAzIEYzNjAgeDIuNDc5IHk2OS45MjggcjE1NDUxLjgzNgpOMTI5RzAzIEYzNjAgeDIuMTQ5IHk2OS41MzQgcjAuODY4Ck4xMzBHMDMgRjM2MCB4MS45MzcgeTY4Ljg4MCByMTUuODMxCk4xMzFHMDMgRjM2MCB4LTAuNzg3IHk1MC44NTggcjU5LjI3NwpOMTMyRzAzIEYzNjAgeDEzLjcyNiB5MTEuNzEzIHI2MC40NjgKTjEzM0cwMSBGMzAgei0wLjgwMwpOMTM0RzA0IHAwLjEwMApOMTM1RzAzIEYzNjAgeDI3LjgxNiB5LTAuMzQyIHI1OS4yMTgKTjEzNkcwMyBGMzYwIHgyOC40MTEgeS0wLjY5OSByMTUuMzcxCk4xMzdHMDMgRjM2MCB4MjguNzI5IHktMC43ODAgcjAuNzk0Ck4xMzhHMDMgRjM2MCB4OTAuMzg5IHktMC43OTIgcjI4NjgzLjg0MgpOMTM5RzAzIEYzNjAgeDkwLjY0OSB5LTAuNzQ5IHIwLjc5NApOMTQwRzAzIEYzNjAgeDkxLjQ3MCB5LTAuMjgzIHIyLjk5MgpOMTQxRzAzIEYzNjAgeDExNy4yNDQgeTY4Ljg1OCByNjAuMzE4Ck4xNDJHMDMgRjM2MCB4MTE3LjAzMiB5Njk